{
	"pattrstorage" : 	{
		"name" : "harmonics",
		"slots" : 		{
			"1" : 			{
				"id" : 1,
				"data" : 				{
					"multislider" : [ 100.0, 93.103446960449219, 82.758621215820312, 77.586204528808594, 73.275863647460938, 67.241378784179688, 63.793102264404297, 57.758621215820312, 53.448276519775391, 49.137931823730469, 44.827587127685547, 41.379310607910156, 37.068965911865234, 31.896551132202148, 27.586206436157227, 21.551723480224609, 18.103448867797852, 14.655172348022461, 9.482758522033691, 5.17241382598877, 2.586206912994385, 0.0, 0.0, 0.0, 0.0, 0.0, 0.0, 0.0, 0.0, 0.0, 0.0, 0.0, 0.0, 0.0, 0.0, 0.0, 0.0, 0.0, 0.0, 0.0, 0.0, 0.0, 0.0, 0.0, 0.0 ]
				}

			}
,
			"2" : 			{
				"id" : 2,
				"data" : 				{
					"multislider" : [ 13.793103218078613, 33.620689392089844, 50.862068176269531, 64.655174255371094, 80.172416687011719, 89.655174255371094, 93.96551513671875, 94.827583312988281, 94.827583312988281, 90.517242431640625, 84.482757568359375, 77.586204528808594, 68.96551513671875, 62.068965911865234, 54.310344696044922, 41.379310607910156, 30.172412872314453, 9.482758522033691, 0.0, 0.0, 0.0, 0.0, 0.0, 0.0, 0.0, 0.0, 0.0, 0.0, 0.0, 0.0, 0.0, 0.0, 0.0, 0.0, 0.0, 0.0, 0.0, 0.0, 0.0, 0.0, 0.0, 0.0, 0.0, 0.0, 0.0 ]
				}

			}
,
			"3" : 			{
				"id" : 3,
				"data" : 				{
					"multislider" : [ 100.0, 100.0, 96.551727294921875, 90.517242431640625, 83.620689392089844, 77.586204528808594, 68.103446960449219, 60.344825744628906, 50.0, 43.103446960449219, 37.068965911865234, 31.896551132202148, 28.448276519775391, 25.0, 21.551723480224609, 19.827587127685547, 18.965517044067383, 18.103448867797852, 17.241378784179688, 17.241378784179688, 16.379310607910156, 16.379310607910156, 17.241378784179688, 18.965517044067383, 21.551723480224609, 25.862068176269531, 31.896551132202148, 37.931034088134766, 44.827587127685547, 53.448276519775391, 59.482757568359375, 62.931034088134766, 66.379310607910156, 67.241378784179688, 66.379310607910156, 64.655174255371094, 60.344825744628906, 55.172412872314453, 45.689655303955078, 39.655174255371094, 33.620689392089844, 20.689655303955078, 0.0, 0.0, 0.0 ]
				}

			}
,
			"4" : 			{
				"id" : 4,
				"data" : 				{
					"multislider" : [ 14.655172348022461, 18.965517044067383, 19.827587127685547, 20.689655303955078, 20.689655303955078, 22.413793563842773, 24.137931823730469, 27.586206436157227, 31.896551132202148, 38.793102264404297, 45.689655303955078, 51.724136352539062, 56.896553039550781, 58.620689392089844, 59.482757568359375, 61.206897735595703, 62.931034088134766, 64.655174255371094, 65.517242431640625, 65.517242431640625, 66.379310607910156, 67.241378784179688, 67.241378784179688, 68.103446960449219, 68.96551513671875, 69.827583312988281, 70.689651489257812, 72.413795471191406, 73.275863647460938, 74.137931823730469, 75.0, 76.724136352539062, 77.586204528808594, 78.448272705078125, 79.310348510742188, 81.03448486328125, 81.896553039550781, 83.620689392089844, 84.482757568359375, 85.344825744628906, 33.620689392089844, 20.689655303955078, 0.0, 0.0, 0.0 ]
				}

			}

		}

	}

}
